{"cameraMode":{"drawMode":0,"name":"Shaded","section":"Shading Mode"},"sceneLighting":false,"audioPlay":false,"sceneViewState":{"showFog":true,"showMaterialUpdate":false,"showSkybox":false,"showFlares":true,"showImageEffects":true,"showParticleSystems":true},"in2DMode":false,"pivot":{"x":-5.1871113777160648,"y":3.866063117980957,"z":0.042038917541503909},"rotation":{"x":-0.07728814333677292,"y":0.7986643314361572,"z":-0.10507309436798096,"w":-0.587470531463623},"size":32.666526794433597,"orthographic":false}