{"cameraMode":{"drawMode":0,"name":"Shaded","section":"Shading Mode"},"sceneLighting":true,"audioPlay":false,"sceneViewState":{"showFog":true,"showMaterialUpdate":false,"showSkybox":true,"showFlares":true,"showImageEffects":true,"showParticleSystems":true},"in2DMode":false,"pivot":{"x":-13.734267234802246,"y":18.977752685546876,"z":8.828859329223633},"rotation":{"x":0.5054287314414978,"y":0.4042041301727295,"z":-0.2897249162197113,"w":0.7051388621330261},"size":71.55670166015625,"orthographic":false}