{"cameraMode":{"drawMode":0,"name":"Shaded","section":"Shading Mode"},"sceneLighting":false,"audioPlay":false,"sceneViewState":{"showFog":true,"showMaterialUpdate":false,"showSkybox":false,"showFlares":true,"showImageEffects":true,"showParticleSystems":true},"in2DMode":false,"pivot":{"x":-5.8605570793151859,"y":-0.6336881518363953,"z":-2.660489797592163},"rotation":{"x":-0.2123594731092453,"y":-0.4028915762901306,"z":0.09667522460222244,"w":-0.8850074410438538},"size":4.129563331604004,"orthographic":false}