{"cameraMode":{"drawMode":0,"name":"Shaded","section":"Shading Mode"},"sceneLighting":false,"audioPlay":false,"sceneViewState":{"showFog":true,"showMaterialUpdate":false,"showSkybox":false,"showFlares":true,"showImageEffects":true,"showParticleSystems":true},"in2DMode":false,"pivot":{"x":-3.435365676879883,"y":0.06755898892879486,"z":10.773152351379395},"rotation":{"x":-0.05095452442765236,"y":0.030253499746322633,"z":-0.0015432995278388262,"w":-0.9982457160949707},"size":9.162873268127442,"orthographic":false}