{"cameraMode":{"drawMode":0,"name":"Shaded","section":"Shading Mode"},"sceneLighting":false,"audioPlay":false,"sceneViewState":{"showFog":true,"showMaterialUpdate":false,"showSkybox":false,"showFlares":true,"showImageEffects":true,"showParticleSystems":true},"in2DMode":false,"pivot":{"x":0.5549489259719849,"y":-17.402767181396486,"z":-12.390945434570313},"rotation":{"x":0.0039696600288152699,"y":0.9299070835113525,"z":-0.3676479458808899,"w":0.010039297863841057},"size":73.54534912109375,"orthographic":false}