{"cameraMode":{"drawMode":0,"name":"Shaded","section":"Shading Mode"},"sceneLighting":false,"audioPlay":false,"sceneViewState":{"showFog":true,"showMaterialUpdate":false,"showSkybox":false,"showFlares":true,"showImageEffects":true,"showParticleSystems":true},"in2DMode":false,"pivot":{"x":-33.936805725097659,"y":3.218048095703125,"z":-18.300010681152345},"rotation":{"x":0.060306090861558917,"y":0.9349494576454163,"z":-0.1937219798564911,"w":0.2910604178905487},"size":8.164137840270996,"orthographic":false}