{"cameraMode":{"drawMode":0,"name":"Shaded","section":"Shading Mode"},"sceneLighting":true,"audioPlay":false,"sceneViewState":{"showFog":true,"showMaterialUpdate":false,"showSkybox":false,"showFlares":true,"showImageEffects":true,"showParticleSystems":true},"in2DMode":false,"pivot":{"x":-0.0010000000474974514,"y":10.00100040435791,"z":0.0010000000474974514},"rotation":{"x":-0.17041529715061189,"y":0.2216815948486328,"z":-0.039378125220537189,"w":-0.9593113660812378},"size":22.0,"orthographic":false}