{"cameraMode":{"drawMode":0,"name":"Shaded","section":"Shading Mode"},"sceneLighting":true,"audioPlay":false,"sceneViewState":{"showFog":true,"showMaterialUpdate":false,"showSkybox":true,"showFlares":true,"showImageEffects":true,"showParticleSystems":true},"in2DMode":false,"pivot":{"x":3.9546923637390138,"y":1.5610334873199463,"z":-2.9394779205322267},"rotation":{"x":-0.018215171992778779,"y":0.981582522392273,"z":-0.14414721727371217,"w":-0.12403775751590729},"size":10.0,"orthographic":false}