{"cameraMode":{"drawMode":0,"name":"Shaded","section":"Shading Mode"},"sceneLighting":false,"audioPlay":false,"sceneViewState":{"showFog":true,"showMaterialUpdate":false,"showSkybox":false,"showFlares":true,"showImageEffects":true,"showParticleSystems":true},"in2DMode":false,"pivot":{"x":0.5415583252906799,"y":1.5959317684173585,"z":1.1246381998062134},"rotation":{"x":0.184641033411026,"y":0.4881693720817566,"z":-0.10653135925531388,"w":0.8463570475578308},"size":4.2139668464660648,"orthographic":false}