{"cameraMode":{"drawMode":0,"name":"Shaded","section":"Shading Mode"},"sceneLighting":true,"audioPlay":false,"sceneViewState":{"showFog":true,"showMaterialUpdate":false,"showSkybox":false,"showFlares":true,"showImageEffects":true,"showParticleSystems":true},"in2DMode":false,"pivot":{"x":0.06319451332092285,"y":15.0,"z":1.697019100189209},"rotation":{"x":0.6306501030921936,"y":-0.07096704095602036,"z":0.058058567345142367,"w":0.7706651091575623},"size":17.910802841186525,"orthographic":false}