{"cameraMode":{"drawMode":0,"name":"Shaded","section":"Shading Mode"},"sceneLighting":false,"audioPlay":false,"sceneViewState":{"showFog":true,"showMaterialUpdate":false,"showSkybox":true,"showFlares":true,"showImageEffects":true,"showParticleSystems":true},"in2DMode":false,"pivot":{"x":-13.547300338745118,"y":-3.2553176879882814,"z":-7.150421142578125},"rotation":{"x":0.3829600214958191,"y":-0.0027713030576705934,"z":0.0011488789459690452,"w":0.9237608313560486},"size":115.05841827392578,"orthographic":false}