{"cameraMode":{"drawMode":0,"name":"Shaded","section":"Shading Mode"},"sceneLighting":false,"audioPlay":false,"sceneViewState":{"showFog":true,"showMaterialUpdate":false,"showSkybox":false,"showFlares":true,"showImageEffects":true,"showParticleSystems":true},"in2DMode":false,"pivot":{"x":0.16729891300201417,"y":1.3849952220916749,"z":0.4148615598678589},"rotation":{"x":0.12915243208408357,"y":-0.8524220585823059,"z":0.44087108969688418,"w":0.24972006678581239},"size":2.38718318939209,"orthographic":false}