{"cameraMode":{"drawMode":0,"name":"Shaded","section":"Shading Mode"},"sceneLighting":true,"audioPlay":false,"sceneViewState":{"showFog":true,"showMaterialUpdate":false,"showSkybox":false,"showFlares":true,"showImageEffects":true,"showParticleSystems":true},"in2DMode":false,"pivot":{"x":-9.306013107299805,"y":16.483245849609376,"z":-1.7973774671554566},"rotation":{"x":0.20655100047588349,"y":0.5229156613349915,"z":-0.13231346011161805,"w":0.8163970112800598},"size":22.0,"orthographic":false}